[
  {
    "region": "Europe",
    "country": "Albania",
    "country_jp": "アルバニア",
    "countryCode": "AL",
    "name": "Durres",
    "name_jp": "ドゥラス",
    "lat": 41.3231,
    "lon": 19.4414
  },
  {
    "region": "Europe",
    "country": "Albania",
    "country_jp": "アルバニア",
    "countryCode": "AL",
    "name": "Fier",
    "name_jp": "フィエル",
    "lat": 40.7275,
    "lon": 19.5628
  },
  {
    "region": "Europe",
    "country": "Albania",
    "country_jp": "アルバニア",
    "countryCode": "AL",
    "name": "Tirana",
    "name_jp": "ティラナ",
    "lat": 41.3275,
    "lon": 19.8187
  },
  {
    "region": "Europe",
    "country": "Albania",
    "country_jp": "アルバニア",
    "countryCode": "AL",
    "name": "Vlore",
    "name_jp": "ヴロラ",
    "lat": 40.4661,
    "lon": 19.4914
  },
  {
    "region": "Europe",
    "country": "Austria",
    "country_jp": "オーストリア",
    "countryCode": "AT",
    "name": "Graz",
    "name_jp": "グラーツ",
    "lat": 47.0707,
    "lon": 15.4395
  },
  {
    "region": "Europe",
    "country": "Austria",
    "country_jp": "オーストリア",
    "countryCode": "AT",
    "name": "Innsbruck",
    "name_jp": "インスブルック",
    "lat": 47.2692,
    "lon": 11.4041
  },
  {
    "region": "Europe",
    "country": "Austria",
    "country_jp": "オーストリア",
    "countryCode": "AT",
    "name": "Klagenfurt",
    "name_jp": "クラーゲンフルト",
    "lat": 46.6365,
    "lon": 14.3122
  },
  {
    "region": "Europe",
    "country": "Austria",
    "country_jp": "オーストリア",
    "countryCode": "AT",
    "name": "Linz",
    "name_jp": "リンツ",
    "lat": 48.3069,
    "lon": 14.2858
  },
  {
    "region": "Europe",
    "country": "Austria",
    "country_jp": "オーストリア",
    "countryCode": "AT",
    "name": "Salzburg",
    "name_jp": "ザルツブルク",
    "lat": 47.8095,
    "lon": 13.055
  },
  {
    "region": "Europe",
    "country": "Austria",
    "country_jp": "オーストリア",
    "countryCode": "AT",
    "name": "Wien",
    "name_jp": "ウィーン",
    "lat": 48.2082,
    "lon": 16.3738
  },
  {
    "region": "Europe",
    "country": "Bosnia and Herzegovina",
    "country_jp": "ボスニア・ヘルツェゴビナ",
    "countryCode": "BA",
    "name": "Banja Luka",
    "name_jp": "バニャ・ルカ",
    "lat": 44.7722,
    "lon": 17.191
  },
  {
    "region": "Europe",
    "country": "Bosnia and Herzegovina",
    "country_jp": "ボスニア・ヘルツェゴビナ",
    "countryCode": "BA",
    "name": "Mostar",
    "name_jp": "モスタル",
    "lat": 43.3438,
    "lon": 17.8078
  },
  {
    "region": "Europe",
    "country": "Bosnia and Herzegovina",
    "country_jp": "ボスニア・ヘルツェゴビナ",
    "countryCode": "BA",
    "name": "Sarajevo",
    "name_jp": "サラエヴォ",
    "lat": 43.8563,
    "lon": 18.4131
  },
  {
    "region": "Europe",
    "country": "Bosnia and Herzegovina",
    "country_jp": "ボスニア・ヘルツェゴビナ",
    "countryCode": "BA",
    "name": "Tuzla",
    "name_jp": "トゥズラ",
    "lat": 44.5384,
    "lon": 18.6671
  },
  {
    "region": "Europe",
    "country": "Bosnia and Herzegovina",
    "country_jp": "ボスニア・ヘルツェゴビナ",
    "countryCode": "BA",
    "name": "Zenica",
    "name_jp": "ゼニツァ",
    "lat": 44.203,
    "lon": 17.9078
  },
  {
    "region": "Europe",
    "country": "Belgium",
    "country_jp": "ベルギー",
    "countryCode": "BE",
    "name": "Brussels",
    "name_jp": "ブリュッセル",
    "lat": 50.8503,
    "lon": 4.3517
  },
  {
    "region": "Europe",
    "country": "Belgium",
    "country_jp": "ベルギー",
    "countryCode": "BE",
    "name": "Liège",
    "name_jp": "リエージュ",
    "lat": 50.6326,
    "lon": 5.5797
  },
  {
    "region": "Europe",
    "country": "Bulgaria",
    "country_jp": "ブルガリア",
    "countryCode": "BG",
    "name": "Burgas",
    "name_jp": "ブルガス",
    "lat": 42.5048,
    "lon": 27.4626
  },
  {
    "region": "Europe",
    "country": "Bulgaria",
    "country_jp": "ブルガリア",
    "countryCode": "BG",
    "name": "Kozloduy",
    "name_jp": "コズロドゥイ",
    "lat": 43.78,
    "lon": 23.7333
  },
  {
    "region": "Europe",
    "country": "Bulgaria",
    "country_jp": "ブルガリア",
    "countryCode": "BG",
    "name": "Pleven",
    "name_jp": "プレヴェン",
    "lat": 43.417,
    "lon": 24.6067
  },
  {
    "region": "Europe",
    "country": "Bulgaria",
    "country_jp": "ブルガリア",
    "countryCode": "BG",
    "name": "Plovdiv",
    "name_jp": "プロヴディフ",
    "lat": 42.1354,
    "lon": 24.7453
  },
  {
    "region": "Europe",
    "country": "Bulgaria",
    "country_jp": "ブルガリア",
    "countryCode": "BG",
    "name": "Ruse",
    "name_jp": "ルセ",
    "lat": 43.8356,
    "lon": 25.9657
  },
  {
    "region": "Europe",
    "country": "Bulgaria",
    "country_jp": "ブルガリア",
    "countryCode": "BG",
    "name": "Sofia",
    "name_jp": "ソフィア",
    "lat": 42.6977,
    "lon": 23.3219
  },
  {
    "region": "Europe",
    "country": "Bulgaria",
    "country_jp": "ブルガリア",
    "countryCode": "BG",
    "name": "Varna",
    "name_jp": "ヴァルナ",
    "lat": 43.2141,
    "lon": 27.9147
  },
  {
    "region": "Europe",
    "country": "Bulgaria",
    "country_jp": "ブルガリア",
    "countryCode": "BG",
    "name": "Veliko Tarnovo",
    "name_jp": "ヴェリコ・タルノヴォ",
    "lat": 43.0757,
    "lon": 25.6172
  },
  {
    "region": "Europe",
    "country": "Switzerland",
    "country_jp": "スイス",
    "countryCode": "CH",
    "name": "Bern",
    "name_jp": "ベルン",
    "lat": 46.948,
    "lon": 7.4474
  },
  {
    "region": "Europe",
    "country": "Switzerland",
    "country_jp": "スイス",
    "countryCode": "CH",
    "name": "Geneva",
    "name_jp": "ジュネーブ",
    "lat": 46.2044,
    "lon": 6.1432
  },
  {
    "region": "Europe",
    "country": "Switzerland",
    "country_jp": "スイス",
    "countryCode": "CH",
    "name": "Zürich",
    "name_jp": "チューリッヒ",
    "lat": 47.3769,
    "lon": 8.5417
  },
  {
    "region": "Europe",
    "country": "Czech Republic",
    "country_jp": "チェコ",
    "countryCode": "CZ",
    "name": "Brno",
    "name_jp": "ブルノ",
    "lat": 49.1951,
    "lon": 16.6068
  },
  {
    "region": "Europe",
    "country": "Czech Republic",
    "country_jp": "チェコ",
    "countryCode": "CZ",
    "name": "Ostrava",
    "name_jp": "オストラヴァ",
    "lat": 49.8209,
    "lon": 18.2625
  },
  {
    "region": "Europe",
    "country": "Czech Republic",
    "country_jp": "チェコ",
    "countryCode": "CZ",
    "name": "Prague",
    "name_jp": "プラハ",
    "lat": 50.0755,
    "lon": 14.4378
  },
  {
    "region": "Europe",
    "country": "Germany",
    "country_jp": "ドイツ",
    "countryCode": "DE",
    "name": "Berlin",
    "name_jp": "ベルリン",
    "lat": 52.52,
    "lon": 13.405
  },
  {
    "region": "Europe",
    "country": "Germany",
    "country_jp": "ドイツ",
    "countryCode": "DE",
    "name": "Frankfurt",
    "name_jp": "フランクフルト",
    "lat": 50.1109,
    "lon": 8.6821
  },
  {
    "region": "Europe",
    "country": "Germany",
    "country_jp": "ドイツ",
    "countryCode": "DE",
    "name": "Hamburg",
    "name_jp": "ハンブルク",
    "lat": 53.5511,
    "lon": 9.9937
  },
  {
    "region": "Europe",
    "country": "Germany",
    "country_jp": "ドイツ",
    "countryCode": "DE",
    "name": "Munich",
    "name_jp": "ミュンヘン",
    "lat": 48.1351,
    "lon": 11.582
  },
  {
    "region": "Europe",
    "country": "Germany",
    "country_jp": "ドイツ",
    "countryCode": "DE",
    "name": "Stuttgart",
    "name_jp": "シュトゥットガルト",
    "lat": 48.7758,
    "lon": 9.1829
  },
  {
    "region": "Europe",
    "country": "Denmark",
    "country_jp": "デンマーク",
    "countryCode": "DK",
    "name": "Aalborg",
    "name_jp": "オールボー",
    "lat": 57.0488,
    "lon": 9.9217
  },
  {
    "region": "Europe",
    "country": "Denmark",
    "country_jp": "デンマーク",
    "countryCode": "DK",
    "name": "Aarhus",
    "name_jp": "オーフス",
    "lat": 56.1629,
    "lon": 10.2039
  },
  {
    "region": "Europe",
    "country": "Denmark",
    "country_jp": "デンマーク",
    "countryCode": "DK",
    "name": "Esbjerg",
    "name_jp": "エスビャウ",
    "lat": 55.4765,
    "lon": 8.4594
  },
  {
    "region": "Europe",
    "country": "Denmark",
    "country_jp": "デンマーク",
    "countryCode": "DK",
    "name": "Frederikshavn",
    "name_jp": "フレゼリクスハウン",
    "lat": 57.4407,
    "lon": 10.5366
  },
  {
    "region": "Europe",
    "country": "Denmark",
    "country_jp": "デンマーク",
    "countryCode": "DK",
    "name": "Gedser",
    "name_jp": "ゲッサー",
    "lat": 54.5764,
    "lon": 11.9301
  },
  {
    "region": "Europe",
    "country": "Denmark",
    "country_jp": "デンマーク",
    "countryCode": "DK",
    "name": "Hirtshals",
    "name_jp": "ヒアツハルス",
    "lat": 57.588,
    "lon": 9.9592
  },
  {
    "region": "Europe",
    "country": "Denmark",
    "country_jp": "デンマーク",
    "countryCode": "DK",
    "name": "København",
    "name_jp": "コペンハーゲン",
    "lat": 55.6761,
    "lon": 12.5683
  },
  {
    "region": "Europe",
    "country": "Denmark",
    "country_jp": "デンマーク",
    "countryCode": "DK",
    "name": "Odense",
    "name_jp": "オーデンセ",
    "lat": 55.4038,
    "lon": 10.4024
  },
  {
    "region": "Europe",
    "country": "Denmark",
    "country_jp": "デンマーク",
    "countryCode": "DK",
    "name": "Padborg",
    "name_jp": "パドボー",
    "lat": 54.822,
    "lon": 9.3644
  },
  {
    "region": "Europe",
    "country": "Denmark",
    "country_jp": "デンマーク",
    "countryCode": "DK",
    "name": "Rødbyhavn",
    "name_jp": "ロービュハウン",
    "lat": 54.653,
    "lon": 11.35
  },
  {
    "region": "Europe",
    "country": "Estonia",
    "country_jp": "エストニア",
    "countryCode": "EE",
    "name": "Kunda",
    "name_jp": "クンダ",
    "lat": 59.5,
    "lon": 26.5167
  },
  {
    "region": "Europe",
    "country": "Estonia",
    "country_jp": "エストニア",
    "countryCode": "EE",
    "name": "Narva",
    "name_jp": "ナルヴァ",
    "lat": 59.379,
    "lon": 28.1791
  },
  {
    "region": "Europe",
    "country": "Estonia",
    "country_jp": "エストニア",
    "countryCode": "EE",
    "name": "Paldiski",
    "name_jp": "パルディスキ",
    "lat": 59.3567,
    "lon": 24.0531
  },
  {
    "region": "Europe",
    "country": "Estonia",
    "country_jp": "エストニア",
    "countryCode": "EE",
    "name": "Pärnu",
    "name_jp": "パルヌ",
    "lat": 58.3859,
    "lon": 24.4971
  },
  {
    "region": "Europe",
    "country": "Estonia",
    "country_jp": "エストニア",
    "countryCode": "EE",
    "name": "Tallinn",
    "name_jp": "タリン",
    "lat": 59.437,
    "lon": 24.7536
  },
  {
    "region": "Europe",
    "country": "Estonia",
    "country_jp": "エストニア",
    "countryCode": "EE",
    "name": "Tartu",
    "name_jp": "タルトゥ",
    "lat": 58.3776,
    "lon": 26.729
  },
  {
    "region": "Europe",
    "country": "Spain",
    "country_jp": "スペイン",
    "countryCode": "ES",
    "name": "A Coruña",
    "name_jp": "ア・コルーニャ",
    "lat": 43.3623,
    "lon": -8.4115
  },
  {
    "region": "Europe",
    "country": "Spain",
    "country_jp": "スペイン",
    "countryCode": "ES",
    "name": "Albacete",
    "name_jp": "アルバセテ",
    "lat": 38.9943,
    "lon": -1.8585
  },
  {
    "region": "Europe",
    "country": "Spain",
    "country_jp": "スペイン",
    "countryCode": "ES",
    "name": "Algeciras",
    "name_jp": "アルヘシラス",
    "lat": 36.1408,
    "lon": -5.4562
  },
  {
    "region": "Europe",
    "country": "Spain",
    "country_jp": "スペイン",
    "countryCode": "ES",
    "name": "Almería",
    "name_jp": "アルメリア",
    "lat": 36.834,
    "lon": -2.4637
  },
  {
    "region": "Europe",
    "country": "Spain",
    "country_jp": "スペイン",
    "countryCode": "ES",
    "name": "Badajoz",
    "name_jp": "バダホス",
    "lat": 38.8794,
    "lon": -6.9707
  },
  {
    "region": "Europe",
    "country": "Spain",
    "country_jp": "スペイン",
    "countryCode": "ES",
    "name": "Bailén",
    "name_jp": "バイレン",
    "lat": 38.0964,
    "lon": -3.777
  },
  {
    "region": "Europe",
    "country": "Spain",
    "country_jp": "スペイン",
    "countryCode": "ES",
    "name": "Barcelona",
    "name_jp": "バルセロナ",
    "lat": 41.3851,
    "lon": 2.1734
  },
  {
    "region": "Europe",
    "country": "Spain",
    "country_jp": "スペイン",
    "countryCode": "ES",
    "name": "Burgos",
    "name_jp": "ブルゴス",
    "lat": 42.3439,
    "lon": -3.6969
  },
  {
    "region": "Europe",
    "country": "Spain",
    "country_jp": "スペイン",
    "countryCode": "ES",
    "name": "Ciudad Real",
    "name_jp": "シウダ・レアル",
    "lat": 38.9848,
    "lon": -3.9274
  },
  {
    "region": "Europe",
    "country": "Spain",
    "country_jp": "スペイン",
    "countryCode": "ES",
    "name": "Córdoba",
    "name_jp": "コルドバ",
    "lat": 37.8882,
    "lon": -4.7794
  },
  {
    "region": "Europe",
    "country": "Spain",
    "country_jp": "スペイン",
    "countryCode": "ES",
    "name": "El Ejido",
    "name_jp": "エル・エヒド",
    "lat": 36.775,
    "lon": -2.8146
  },
  {
    "region": "Europe",
    "country": "Spain",
    "country_jp": "スペイン",
    "countryCode": "ES",
    "name": "Gijón",
    "name_jp": "ヒホン",
    "lat": 43.5322,
    "lon": -5.6611
  },
  {
    "region": "Europe",
    "country": "Spain",
    "country_jp": "スペイン",
    "countryCode": "ES",
    "name": "Granada",
    "name_jp": "グラナダ",
    "lat": 37.1773,
    "lon": -3.5986
  },
  {
    "region": "Europe",
    "country": "Spain",
    "country_jp": "スペイン",
    "countryCode": "ES",
    "name": "Huelva",
    "name_jp": "ウエルバ",
    "lat": 37.2614,
    "lon": -6.9447
  },
  {
    "region": "Europe",
    "country": "Spain",
    "country_jp": "スペイン",
    "countryCode": "ES",
    "name": "León",
    "name_jp": "レオン",
    "lat": 42.5987,
    "lon": -5.5671
  },
  {
    "region": "Europe",
    "country": "Spain",
    "country_jp": "スペイン",
    "countryCode": "ES",
    "name": "Lleida",
    "name_jp": "リェイダ",
    "lat": 41.6176,
    "lon": 0.62
  },
  {
    "region": "Europe",
    "country": "Spain",
    "country_jp": "スペイン",
    "countryCode": "ES",
    "name": "Madrid",
    "name_jp": "マドリード",
    "lat": 40.4168,
    "lon": -3.7038
  },
  {
    "region": "Europe",
    "country": "Spain",
    "country_jp": "スペイン",
    "countryCode": "ES",
    "name": "Murcia",
    "name_jp": "ムルシア",
    "lat": 37.9922,
    "lon": -1.1307
  },
  {
    "region": "Europe",
    "country": "Spain",
    "country_jp": "スペイン",
    "countryCode": "ES",
    "name": "Navia",
    "name_jp": "ナビア",
    "lat": 43.54,
    "lon": -6.723
  },
  {
    "region": "Europe",
    "country": "Spain",
    "country_jp": "スペイン",
    "countryCode": "ES",
    "name": "O Barco",
    "name_jp": "オ・バルコ",
    "lat": 42.4167,
    "lon": -6.9833
  },
  {
    "region": "Europe",
    "country": "Spain",
    "country_jp": "スペイン",
    "countryCode": "ES",
    "name": "Pamplona",
    "name_jp": "パンプローナ",
    "lat": 42.8125,
    "lon": -1.6458
  },
  {
    "region": "Europe",
    "country": "Spain",
    "country_jp": "スペイン",
    "countryCode": "ES",
    "name": "Puertollano",
    "name_jp": "プエルトジャーノ",
    "lat": 38.6871,
    "lon": -4.1073
  },
  {
    "region": "Europe",
    "country": "Spain",
    "country_jp": "スペイン",
    "countryCode": "ES",
    "name": "Salamanca",
    "name_jp": "サラマンカ",
    "lat": 40.9701,
    "lon": -5.6635
  },
  {
    "region": "Europe",
    "country": "Spain",
    "country_jp": "スペイン",
    "countryCode": "ES",
    "name": "Santander",
    "name_jp": "サンタンデール",
    "lat": 43.4623,
    "lon": -3.8099
  },
  {
    "region": "Europe",
    "country": "Spain",
    "country_jp": "スペイン",
    "countryCode": "ES",
    "name": "Sevilla",
    "name_jp": "セビリア",
    "lat": 37.3891,
    "lon": -5.9845
  },
  {
    "region": "Europe",
    "country": "Spain",
    "country_jp": "スペイン",
    "countryCode": "ES",
    "name": "Soria",
    "name_jp": "ソリア",
    "lat": 41.7666,
    "lon": -2.479
  },
  {
    "region": "Europe",
    "country": "Spain",
    "country_jp": "スペイン",
    "countryCode": "ES",
    "name": "Tarragona",
    "name_jp": "タラゴナ",
    "lat": 41.1189,
    "lon": 1.2445
  },
  {
    "region": "Europe",
    "country": "Spain",
    "country_jp": "スペイン",
    "countryCode": "ES",
    "name": "Teruel",
    "name_jp": "テルエル",
    "lat": 40.3456,
    "lon": -1.1065
  },
  {
    "region": "Europe",
    "country": "Spain",
    "country_jp": "スペイン",
    "countryCode": "ES",
    "name": "Valencia",
    "name_jp": "バレンシア",
    "lat": 39.4699,
    "lon": -0.3763
  },
  {
    "region": "Europe",
    "country": "Spain",
    "country_jp": "スペイン",
    "countryCode": "ES",
    "name": "Valladolid",
    "name_jp": "バリャドリッド",
    "lat": 41.6523,
    "lon": -4.7245
  },
  {
    "region": "Europe",
    "country": "Spain",
    "country_jp": "スペイン",
    "countryCode": "ES",
    "name": "Vigo",
    "name_jp": "ビーゴ",
    "lat": 42.2406,
    "lon": -8.7207
  },
  {
    "region": "Europe",
    "country": "Spain",
    "country_jp": "スペイン",
    "countryCode": "ES",
    "name": "Villarreal",
    "name_jp": "ビジャレアル",
    "lat": 39.938,
    "lon": -0.1004
  },
  {
    "region": "Europe",
    "country": "Spain",
    "country_jp": "スペイン",
    "countryCode": "ES",
    "name": "Zaragoza",
    "name_jp": "サラゴサ",
    "lat": 41.6488,
    "lon": -0.8891
  },
  {
    "region": "Europe",
    "country": "France",
    "country_jp": "フランス",
    "countryCode": "FR",
    "name": "Bordeaux",
    "name_jp": "ボルドー",
    "lat": 44.8378,
    "lon": -0.5792
  },
  {
    "region": "Europe",
    "country": "France",
    "country_jp": "フランス",
    "countryCode": "FR",
    "name": "Calais",
    "name_jp": "カレー",
    "lat": 50.9513,
    "lon": 1.8587
  },
  {
    "region": "Europe",
    "country": "France",
    "country_jp": "フランス",
    "countryCode": "FR",
    "name": "Le Havre",
    "name_jp": "ル・アーヴル",
    "lat": 49.4944,
    "lon": 0.1079
  },
  {
    "region": "Europe",
    "country": "France",
    "country_jp": "フランス",
    "countryCode": "FR",
    "name": "Lille",
    "name_jp": "リール",
    "lat": 50.6292,
    "lon": 3.0573
  },
  {
    "region": "Europe",
    "country": "France",
    "country_jp": "フランス",
    "countryCode": "FR",
    "name": "Marseille",
    "name_jp": "マルセイユ",
    "lat": 43.2965,
    "lon": 5.3698
  },
  {
    "region": "Europe",
    "country": "France",
    "country_jp": "フランス",
    "countryCode": "FR",
    "name": "Montpellier",
    "name_jp": "モンペリエ",
    "lat": 43.6108,
    "lon": 3.8767
  },
  {
    "region": "Europe",
    "country": "France",
    "country_jp": "フランス",
    "countryCode": "FR",
    "name": "Nantes",
    "name_jp": "ナント",
    "lat": 47.2184,
    "lon": -1.5536
  },
  {
    "region": "Europe",
    "country": "France",
    "country_jp": "フランス",
    "countryCode": "FR",
    "name": "Nice",
    "name_jp": "ニース",
    "lat": 43.7102,
    "lon": 7.262
  },
  {
    "region": "Europe",
    "country": "France",
    "country_jp": "フランス",
    "countryCode": "FR",
    "name": "Paris",
    "name_jp": "パリ",
    "lat": 48.8566,
    "lon": 2.3522
  },
  {
    "region": "Europe",
    "country": "France",
    "country_jp": "フランス",
    "countryCode": "FR",
    "name": "Rennes",
    "name_jp": "レンヌ",
    "lat": 48.1173,
    "lon": -1.6778
  },
  {
    "region": "Europe",
    "country": "France",
    "country_jp": "フランス",
    "countryCode": "FR",
    "name": "Strasbourg",
    "name_jp": "ストラスブール",
    "lat": 48.5734,
    "lon": 7.7521
  },
  {
    "region": "Europe",
    "country": "France",
    "country_jp": "フランス",
    "countryCode": "FR",
    "name": "Toulouse",
    "name_jp": "トゥールーズ",
    "lat": 43.6047,
    "lon": 1.4442
  },
  {
    "region": "Europe",
    "country": "UK",
    "country_jp": "イギリス",
    "countryCode": "GB",
    "name": "London",
    "name_jp": "ロンドン",
    "lat": 51.5074,
    "lon": -0.1278
  },
  {
    "region": "Europe",
    "country": "UK",
    "country_jp": "イギリス",
    "countryCode": "GB",
    "name": "Newcastle",
    "name_jp": "ニューカッスル",
    "lat": 54.9783,
    "lon": -1.6178
  },
  {
    "region": "Europe",
    "country": "UK",
    "country_jp": "イギリス",
    "countryCode": "GB",
    "name": "Plymouth",
    "name_jp": "プリマス",
    "lat": 50.3755,
    "lon": -4.1427
  },
  {
    "region": "Europe",
    "country": "UK",
    "country_jp": "イギリス",
    "countryCode": "GB",
    "name": "Sheffield",
    "name_jp": "シェフィールド",
    "lat": 53.3811,
    "lon": -1.4701
  },
  {
    "region": "Europe",
    "country": "UK",
    "country_jp": "イギリス",
    "countryCode": "GB",
    "name": "Southampton",
    "name_jp": "サウサンプトン",
    "lat": 50.9097,
    "lon": -1.4044
  },
  {
    "region": "Europe",
    "country": "Greece",
    "country_jp": "ギリシャ",
    "countryCode": "GR",
    "name": "Argostoli",
    "name_jp": "アルゴストリ",
    "lat": 38.1811,
    "lon": 20.489
  },
  {
    "region": "Europe",
    "country": "Greece",
    "country_jp": "ギリシャ",
    "countryCode": "GR",
    "name": "Athens",
    "name_jp": "アテネ",
    "lat": 37.9838,
    "lon": 23.7275
  },
  {
    "region": "Europe",
    "country": "Greece",
    "country_jp": "ギリシャ",
    "countryCode": "GR",
    "name": "Chania",
    "name_jp": "ハニア",
    "lat": 35.5138,
    "lon": 24.018
  },
  {
    "region": "Europe",
    "country": "Greece",
    "country_jp": "ギリシャ",
    "countryCode": "GR",
    "name": "Chios",
    "name_jp": "ヒオス",
    "lat": 38.3687,
    "lon": 26.135
  },
  {
    "region": "Europe",
    "country": "Greece",
    "country_jp": "ギリシャ",
    "countryCode": "GR",
    "name": "Heraklion",
    "name_jp": "イラクリオン",
    "lat": 35.3387,
    "lon": 25.1442
  },
  {
    "region": "Europe",
    "country": "Greece",
    "country_jp": "ギリシャ",
    "countryCode": "GR",
    "name": "Ioannina",
    "name_jp": "ヨアニナ",
    "lat": 39.665,
    "lon": 20.8537
  },
  {
    "region": "Europe",
    "country": "Greece",
    "country_jp": "ギリシャ",
    "countryCode": "GR",
    "name": "Kalamata",
    "name_jp": "カラマタ",
    "lat": 37.038,
    "lon": 22.1142
  },
  {
    "region": "Europe",
    "country": "Greece",
    "country_jp": "ギリシャ",
    "countryCode": "GR",
    "name": "Kavala",
    "name_jp": "カヴァラ",
    "lat": 40.9396,
    "lon": 24.4018
  },
  {
    "region": "Europe",
    "country": "Greece",
    "country_jp": "ギリシャ",
    "countryCode": "GR",
    "name": "Lamia",
    "name_jp": "ラミア",
    "lat": 38.9025,
    "lon": 22.443
  },
  {
    "region": "Europe",
    "country": "Greece",
    "country_jp": "ギリシャ",
    "countryCode": "GR",
    "name": "Larissa",
    "name_jp": "ラリサ",
    "lat": 39.639,
    "lon": 22.4191
  },
  {
    "region": "Europe",
    "country": "Greece",
    "country_jp": "ギリシャ",
    "countryCode": "GR",
    "name": "Mitilini",
    "name_jp": "ミティリーニ",
    "lat": 39.1071,
    "lon": 26.5557
  },
  {
    "region": "Europe",
    "country": "Greece",
    "country_jp": "ギリシャ",
    "countryCode": "GR",
    "name": "Patras",
    "name_jp": "パトラ",
    "lat": 38.2466,
    "lon": 21.7346
  },
  {
    "region": "Europe",
    "country": "Greece",
    "country_jp": "ギリシャ",
    "countryCode": "GR",
    "name": "Rodes",
    "name_jp": "ロドス",
    "lat": 36.434,
    "lon": 28.217
  },
  {
    "region": "Europe",
    "country": "Greece",
    "country_jp": "ギリシャ",
    "countryCode": "GR",
    "name": "Thessaloniki",
    "name_jp": "テッサロニキ",
    "lat": 40.6401,
    "lon": 22.9444
  },
  {
    "region": "Europe",
    "country": "Greece",
    "country_jp": "ギリシャ",
    "countryCode": "GR",
    "name": "Trikala",
    "name_jp": "トリカラ",
    "lat": 39.5553,
    "lon": 21.767
  },
  {
    "region": "Europe",
    "country": "Croatia",
    "country_jp": "クロアチア",
    "countryCode": "HR",
    "name": "Osijek",
    "name_jp": "オシエク",
    "lat": 45.554,
    "lon": 18.6955
  },
  {
    "region": "Europe",
    "country": "Croatia",
    "country_jp": "クロアチア",
    "countryCode": "HR",
    "name": "Rijeka",
    "name_jp": "リエカ",
    "lat": 45.3271,
    "lon": 14.4422
  },
  {
    "region": "Europe",
    "country": "Croatia",
    "country_jp": "クロアチア",
    "countryCode": "HR",
    "name": "Split",
    "name_jp": "スプリト",
    "lat": 43.5081,
    "lon": 16.4402
  },
  {
    "region": "Europe",
    "country": "Croatia",
    "country_jp": "クロアチア",
    "countryCode": "HR",
    "name": "Zadar",
    "name_jp": "ザダル",
    "lat": 44.1194,
    "lon": 15.2314
  },
  {
    "region": "Europe",
    "country": "Croatia",
    "country_jp": "クロアチア",
    "countryCode": "HR",
    "name": "Zagreb",
    "name_jp": "ザグレブ",
    "lat": 45.815,
    "lon": 15.9819
  },
  {
    "region": "Europe",
    "country": "Hungary",
    "country_jp": "ハンガリー",
    "countryCode": "HU",
    "name": "Budapest",
    "name_jp": "ブダペスト",
    "lat": 47.4979,
    "lon": 19.0402
  },
  {
    "region": "Europe",
    "country": "Hungary",
    "country_jp": "ハンガリー",
    "countryCode": "HU",
    "name": "Debrecen",
    "name_jp": "デブレツェン",
    "lat": 47.5316,
    "lon": 21.6273
  },
  {
    "region": "Europe",
    "country": "Hungary",
    "country_jp": "ハンガリー",
    "countryCode": "HU",
    "name": "Pécs",
    "name_jp": "ペーチュ",
    "lat": 46.0727,
    "lon": 18.2323
  },
  {
    "region": "Europe",
    "country": "Hungary",
    "country_jp": "ハンガリー",
    "countryCode": "HU",
    "name": "Szeged",
    "name_jp": "セゲド",
    "lat": 46.253,
    "lon": 20.1414
  },
  {
    "region": "Europe",
    "country": "Italy",
    "country_jp": "イタリア",
    "countryCode": "IT",
    "name": "Ancona",
    "name_jp": "アンコーナ",
    "lat": 43.6158,
    "lon": 13.5189
  },
  {
    "region": "Europe",
    "country": "Italy",
    "country_jp": "イタリア",
    "countryCode": "IT",
    "name": "Bari",
    "name_jp": "バーリ",
    "lat": 41.1171,
    "lon": 16.8719
  },
  {
    "region": "Europe",
    "country": "Italy",
    "country_jp": "イタリア",
    "countryCode": "IT",
    "name": "Bologna",
    "name_jp": "ボローニャ",
    "lat": 44.4949,
    "lon": 11.3426
  },
  {
    "region": "Europe",
    "country": "Italy",
    "country_jp": "イタリア",
    "countryCode": "IT",
    "name": "Cagliari",
    "name_jp": "カリャリ",
    "lat": 39.2238,
    "lon": 9.1217
  },
  {
    "region": "Europe",
    "country": "Italy",
    "country_jp": "イタリア",
    "countryCode": "IT",
    "name": "Cassino",
    "name_jp": "カッシノ",
    "lat": 41.487,
    "lon": 13.827
  },
  {
    "region": "Europe",
    "country": "Italy",
    "country_jp": "イタリア",
    "countryCode": "IT",
    "name": "Catania",
    "name_jp": "カターニア",
    "lat": 37.5079,
    "lon": 15.083
  },
  {
    "region": "Europe",
    "country": "Italy",
    "country_jp": "イタリア",
    "countryCode": "IT",
    "name": "Catanzaro",
    "name_jp": "カタンツァーロ",
    "lat": 38.9098,
    "lon": 16.5875
  },
  {
    "region": "Europe",
    "country": "Italy",
    "country_jp": "イタリア",
    "countryCode": "IT",
    "name": "Florence",
    "name_jp": "フィレンツェ",
    "lat": 43.7696,
    "lon": 11.2558
  },
  {
    "region": "Europe",
    "country": "Italy",
    "country_jp": "イタリア",
    "countryCode": "IT",
    "name": "Genova",
    "name_jp": "ジェノヴァ",
    "lat": 44.4056,
    "lon": 8.9463
  },
  {
    "region": "Europe",
    "country": "Italy",
    "country_jp": "イタリア",
    "countryCode": "IT",
    "name": "Livorno",
    "name_jp": "リヴォルノ",
    "lat": 43.5485,
    "lon": 10.3106
  },
  {
    "region": "Europe",
    "country": "Italy",
    "country_jp": "イタリア",
    "countryCode": "IT",
    "name": "Messina",
    "name_jp": "メッシーナ",
    "lat": 38.1938,
    "lon": 15.554
  },
  {
    "region": "Europe",
    "country": "Italy",
    "country_jp": "イタリア",
    "countryCode": "IT",
    "name": "Milan",
    "name_jp": "ミラノ",
    "lat": 45.4642,
    "lon": 9.19
  },
  {
    "region": "Europe",
    "country": "Italy",
    "country_jp": "イタリア",
    "countryCode": "IT",
    "name": "Naples",
    "name_jp": "ナポリ",
    "lat": 40.8518,
    "lon": 14.2681
  },
  {
    "region": "Europe",
    "country": "Italy",
    "country_jp": "イタリア",
    "countryCode": "IT",
    "name": "Olbia",
    "name_jp": "オルビア",
    "lat": 40.923,
    "lon": 9.498
  },
  {
    "region": "Europe",
    "country": "Italy",
    "country_jp": "イタリア",
    "countryCode": "IT",
    "name": "Palermo",
    "name_jp": "パレルモ",
    "lat": 38.1157,
    "lon": 13.3615
  },
  {
    "region": "Europe",
    "country": "Italy",
    "country_jp": "イタリア",
    "countryCode": "IT",
    "name": "Parma",
    "name_jp": "パルマ",
    "lat": 44.8015,
    "lon": 10.3279
  },
  {
    "region": "Europe",
    "country": "Italy",
    "country_jp": "イタリア",
    "countryCode": "IT",
    "name": "Rome",
    "name_jp": "ローマ",
    "lat": 41.9028,
    "lon": 12.4964
  },
  {
    "region": "Europe",
    "country": "Italy",
    "country_jp": "イタリア",
    "countryCode": "IT",
    "name": "Sassari",
    "name_jp": "サッサリ",
    "lat": 40.7259,
    "lon": 8.555
  },
  {
    "region": "Europe",
    "country": "Italy",
    "country_jp": "イタリア",
    "countryCode": "IT",
    "name": "Turin",
    "name_jp": "トリノ",
    "lat": 45.0703,
    "lon": 7.6869
  },
  {
    "region": "Europe",
    "country": "Italy",
    "country_jp": "イタリア",
    "countryCode": "IT",
    "name": "Venice",
    "name_jp": "ヴェネツィア",
    "lat": 45.4408,
    "lon": 12.3155
  },
  {
    "region": "Europe",
    "country": "Italy",
    "country_jp": "イタリア",
    "countryCode": "IT",
    "name": "Verona",
    "name_jp": "ヴェローナ",
    "lat": 45.4384,
    "lon": 10.9916
  },
  {
    "region": "Europe",
    "country": "Lithuania",
    "country_jp": "リトアニア",
    "countryCode": "LT",
    "name": "Kaunas",
    "name_jp": "カウナス",
    "lat": 54.8985,
    "lon": 23.9036
  },
  {
    "region": "Europe",
    "country": "Lithuania",
    "country_jp": "リトアニア",
    "countryCode": "LT",
    "name": "Klaipeda",
    "name_jp": "クライペダ",
    "lat": 55.7033,
    "lon": 21.1443
  },
  {
    "region": "Europe",
    "country": "Lithuania",
    "country_jp": "リトアニア",
    "countryCode": "LT",
    "name": "Mazeikiai",
    "name_jp": "マゼイケイ",
    "lat": 56.3167,
    "lon": 22.3333
  },
  {
    "region": "Europe",
    "country": "Lithuania",
    "country_jp": "リトアニア",
    "countryCode": "LT",
    "name": "Panevezys",
    "name_jp": "パネヴェジース",
    "lat": 55.7348,
    "lon": 24.3575
  },
  {
    "region": "Europe",
    "country": "Lithuania",
    "country_jp": "リトアニア",
    "countryCode": "LT",
    "name": "Siauliai",
    "name_jp": "シャウレイ",
    "lat": 55.9349,
    "lon": 23.3137
  },
  {
    "region": "Europe",
    "country": "Lithuania",
    "country_jp": "リトアニア",
    "countryCode": "LT",
    "name": "Vilnius",
    "name_jp": "ビリニュス",
    "lat": 54.6872,
    "lon": 25.2797
  },
  {
    "region": "Europe",
    "country": "Latvia",
    "country_jp": "ラトビア",
    "countryCode": "LV",
    "name": "Daugavpils",
    "name_jp": "ダウガフピルス",
    "lat": 55.874,
    "lon": 26.5362
  },
  {
    "region": "Europe",
    "country": "Latvia",
    "country_jp": "ラトビア",
    "countryCode": "LV",
    "name": "Liepaja",
    "name_jp": "リエパーヤ",
    "lat": 56.5047,
    "lon": 21.0108
  },
  {
    "region": "Europe",
    "country": "Latvia",
    "country_jp": "ラトビア",
    "countryCode": "LV",
    "name": "Rezekne",
    "name_jp": "レーゼクネ",
    "lat": 56.5099,
    "lon": 27.3331
  },
  {
    "region": "Europe",
    "country": "Latvia",
    "country_jp": "ラトビア",
    "countryCode": "LV",
    "name": "Riga",
    "name_jp": "リガ",
    "lat": 56.9496,
    "lon": 24.1052
  },
  {
    "region": "Europe",
    "country": "Latvia",
    "country_jp": "ラトビア",
    "countryCode": "LV",
    "name": "Valmiera",
    "name_jp": "ヴァルミエラ",
    "lat": 57.5385,
    "lon": 25.427
  },
  {
    "region": "Europe",
    "country": "Latvia",
    "country_jp": "ラトビア",
    "countryCode": "LV",
    "name": "Ventspils",
    "name_jp": "ヴェンツピルス",
    "lat": 57.3894,
    "lon": 21.5606
  },
  {
    "region": "Europe",
    "country": "Montenegro",
    "country_jp": "モンテネグロ",
    "countryCode": "ME",
    "name": "Bijelo Polje",
    "name_jp": "ビイェロ・ポリェ",
    "lat": 43.0383,
    "lon": 19.7476
  },
  {
    "region": "Europe",
    "country": "Montenegro",
    "country_jp": "モンテネグロ",
    "countryCode": "ME",
    "name": "Niksic",
    "name_jp": "ニクシッチ",
    "lat": 42.773,
    "lon": 18.9445
  },
  {
    "region": "Europe",
    "country": "Montenegro",
    "country_jp": "モンテネグロ",
    "countryCode": "ME",
    "name": "Podgorica",
    "name_jp": "ポドゴリツァ",
    "lat": 42.4304,
    "lon": 19.2594
  },
  {
    "region": "Europe",
    "country": "North Macedonia",
    "country_jp": "北マケドニア",
    "countryCode": "MK",
    "name": "Bitola",
    "name_jp": "ビトラ",
    "lat": 41.0314,
    "lon": 21.3347
  },
  {
    "region": "Europe",
    "country": "North Macedonia",
    "country_jp": "北マケドニア",
    "countryCode": "MK",
    "name": "Skopje",
    "name_jp": "スコピエ",
    "lat": 41.9973,
    "lon": 21.428
  },
  {
    "region": "Europe",
    "country": "Netherlands",
    "country_jp": "オランダ",
    "countryCode": "NL",
    "name": "Amsterdam",
    "name_jp": "アムステルダム",
    "lat": 52.3676,
    "lon": 4.9041
  },
  {
    "region": "Europe",
    "country": "Netherlands",
    "country_jp": "オランダ",
    "countryCode": "NL",
    "name": "Groningen",
    "name_jp": "フローニンゲン",
    "lat": 53.2194,
    "lon": 6.5665
  },
  {
    "region": "Europe",
    "country": "Netherlands",
    "country_jp": "オランダ",
    "countryCode": "NL",
    "name": "Rotterdam",
    "name_jp": "ロッテルダム",
    "lat": 51.9244,
    "lon": 4.4777
  },
  {
    "region": "Europe",
    "country": "Norway",
    "country_jp": "ノルウェー",
    "countryCode": "NO",
    "name": "Bergen",
    "name_jp": "ベルゲン",
    "lat": 60.39299,
    "lon": 5.32415
  },
  {
    "region": "Europe",
    "country": "Norway",
    "country_jp": "ノルウェー",
    "countryCode": "NO",
    "name": "Bodø",
    "name_jp": "ボードー",
    "lat": 67.2804,
    "lon": 14.4049
  },
  {
    "region": "Europe",
    "country": "Norway",
    "country_jp": "ノルウェー",
    "countryCode": "NO",
    "name": "Honningsvåg",
    "name_jp": "ホニングスヴォーグ",
    "lat": 70.9821,
    "lon": 25.9704
  },
  {
    "region": "Europe",
    "country": "Norway",
    "country_jp": "ノルウェー",
    "countryCode": "NO",
    "name": "Kristiansand",
    "name_jp": "クリスチャンサン",
    "lat": 58.1467,
    "lon": 7.9956
  },
  {
    "region": "Europe",
    "country": "Norway",
    "country_jp": "ノルウェー",
    "countryCode": "NO",
    "name": "Narvik",
    "name_jp": "ナルヴィク",
    "lat": 68.4385,
    "lon": 17.4272
  },
  {
    "region": "Europe",
    "country": "Norway",
    "country_jp": "ノルウェー",
    "countryCode": "NO",
    "name": "Oslo",
    "name_jp": "オスロ",
    "lat": 59.9139,
    "lon": 10.7522
  },
  {
    "region": "Europe",
    "country": "Norway",
    "country_jp": "ノルウェー",
    "countryCode": "NO",
    "name": "Stavanger",
    "name_jp": "スタヴァンゲル",
    "lat": 58.96998,
    "lon": 5.73311
  },
  {
    "region": "Europe",
    "country": "Norway",
    "country_jp": "ノルウェー",
    "countryCode": "NO",
    "name": "Tromsø",
    "name_jp": "トロムソ",
    "lat": 69.6492,
    "lon": 18.9553
  },
  {
    "region": "Europe",
    "country": "Norway",
    "country_jp": "ノルウェー",
    "countryCode": "NO",
    "name": "Trondheim",
    "name_jp": "トロンハイム",
    "lat": 63.4305,
    "lon": 10.3951
  },
  {
    "region": "Europe",
    "country": "Norway",
    "country_jp": "ノルウェー",
    "countryCode": "NO",
    "name": "Ålesund",
    "name_jp": "オーレスン",
    "lat": 62.4722,
    "lon": 6.1495
  },
  {
    "region": "Europe",
    "country": "Poland",
    "country_jp": "ポーランド",
    "countryCode": "PL",
    "name": "Białystok",
    "name_jp": "ビャウィストク",
    "lat": 53.1325,
    "lon": 23.1688
  },
  {
    "region": "Europe",
    "country": "Poland",
    "country_jp": "ポーランド",
    "countryCode": "PL",
    "name": "Gdańsk",
    "name_jp": "グダニスク",
    "lat": 54.352,
    "lon": 18.6466
  },
  {
    "region": "Europe",
    "country": "Poland",
    "country_jp": "ポーランド",
    "countryCode": "PL",
    "name": "Katowice",
    "name_jp": "カトヴィツェ",
    "lat": 50.2649,
    "lon": 19.0238
  },
  {
    "region": "Europe",
    "country": "Poland",
    "country_jp": "ポーランド",
    "countryCode": "PL",
    "name": "Kraków",
    "name_jp": "クラクフ",
    "lat": 50.0647,
    "lon": 19.945
  },
  {
    "region": "Europe",
    "country": "Poland",
    "country_jp": "ポーランド",
    "countryCode": "PL",
    "name": "Lublin",
    "name_jp": "ルブリン",
    "lat": 51.2465,
    "lon": 22.5684
  },
  {
    "region": "Europe",
    "country": "Poland",
    "country_jp": "ポーランド",
    "countryCode": "PL",
    "name": "Olsztyn",
    "name_jp": "オルシュティン",
    "lat": 53.7784,
    "lon": 20.4801
  },
  {
    "region": "Europe",
    "country": "Poland",
    "country_jp": "ポーランド",
    "countryCode": "PL",
    "name": "Warsaw",
    "name_jp": "ワルシャワ",
    "lat": 52.2297,
    "lon": 21.0122
  },
  {
    "region": "Europe",
    "country": "Poland",
    "country_jp": "ポーランド",
    "countryCode": "PL",
    "name": "Łódź",
    "name_jp": "ウッチ",
    "lat": 51.7592,
    "lon": 19.455
  },
  {
    "region": "Europe",
    "country": "Portugal",
    "country_jp": "ポルトガル",
    "countryCode": "PT",
    "name": "Beja",
    "name_jp": "ベージャ",
    "lat": 38.0151,
    "lon": -7.8632
  },
  {
    "region": "Europe",
    "country": "Portugal",
    "country_jp": "ポルトガル",
    "countryCode": "PT",
    "name": "Coimbra",
    "name_jp": "コインブラ",
    "lat": 40.2033,
    "lon": -8.4103
  },
  {
    "region": "Europe",
    "country": "Portugal",
    "country_jp": "ポルトガル",
    "countryCode": "PT",
    "name": "Faro",
    "name_jp": "ファロ",
    "lat": 37.0194,
    "lon": -7.9322
  },
  {
    "region": "Europe",
    "country": "Portugal",
    "country_jp": "ポルトガル",
    "countryCode": "PT",
    "name": "Guarda",
    "name_jp": "グアルダ",
    "lat": 40.5373,
    "lon": -7.2658
  },
  {
    "region": "Europe",
    "country": "Portugal",
    "country_jp": "ポルトガル",
    "countryCode": "PT",
    "name": "Lisbon",
    "name_jp": "リスボン",
    "lat": 38.7223,
    "lon": -9.1393
  },
  {
    "region": "Europe",
    "country": "Portugal",
    "country_jp": "ポルトガル",
    "countryCode": "PT",
    "name": "Olhão",
    "name_jp": "オリャン",
    "lat": 37.0286,
    "lon": -7.8411
  },
  {
    "region": "Europe",
    "country": "Portugal",
    "country_jp": "ポルトガル",
    "countryCode": "PT",
    "name": "Ponte de Sor",
    "name_jp": "ポンテ・デ・ソル",
    "lat": 39.2494,
    "lon": -8.01
  },
  {
    "region": "Europe",
    "country": "Portugal",
    "country_jp": "ポルトガル",
    "countryCode": "PT",
    "name": "Porto",
    "name_jp": "ポルト",
    "lat": 41.1579,
    "lon": -8.6291
  },
  {
    "region": "Europe",
    "country": "Portugal",
    "country_jp": "ポルトガル",
    "countryCode": "PT",
    "name": "Setúbal",
    "name_jp": "セトゥーバル",
    "lat": 38.5244,
    "lon": -8.8882
  },
  {
    "region": "Europe",
    "country": "Portugal",
    "country_jp": "ポルトガル",
    "countryCode": "PT",
    "name": "Sines",
    "name_jp": "シーネス",
    "lat": 37.956,
    "lon": -8.8697
  },
  {
    "region": "Europe",
    "country": "Portugal",
    "country_jp": "ポルトガル",
    "countryCode": "PT",
    "name": "Évora",
    "name_jp": "エヴォラ",
    "lat": 38.5714,
    "lon": -7.9135
  },
  {
    "region": "Europe",
    "country": "Romania",
    "country_jp": "ルーマニア",
    "countryCode": "RO",
    "name": "Brașov",
    "name_jp": "ブラショフ",
    "lat": 45.6579,
    "lon": 25.6012
  },
  {
    "region": "Europe",
    "country": "Romania",
    "country_jp": "ルーマニア",
    "countryCode": "RO",
    "name": "Bucharest",
    "name_jp": "ブカレスト",
    "lat": 44.4268,
    "lon": 26.1025
  },
  {
    "region": "Europe",
    "country": "Romania",
    "country_jp": "ルーマニア",
    "countryCode": "RO",
    "name": "Cluj-Napoca",
    "name_jp": "クルジュ＝ナポカ",
    "lat": 46.7712,
    "lon": 23.6236
  },
  {
    "region": "Europe",
    "country": "Romania",
    "country_jp": "ルーマニア",
    "countryCode": "RO",
    "name": "Constanța",
    "name_jp": "コンスタンツァ",
    "lat": 44.1598,
    "lon": 28.6348
  },
  {
    "region": "Europe",
    "country": "Romania",
    "country_jp": "ルーマニア",
    "countryCode": "RO",
    "name": "Craiova",
    "name_jp": "クラヨーヴァ",
    "lat": 44.3302,
    "lon": 23.7949
  },
  {
    "region": "Europe",
    "country": "Romania",
    "country_jp": "ルーマニア",
    "countryCode": "RO",
    "name": "Călărași",
    "name_jp": "カララシ",
    "lat": 44.2069,
    "lon": 27.325
  },
  {
    "region": "Europe",
    "country": "Romania",
    "country_jp": "ルーマニア",
    "countryCode": "RO",
    "name": "Galați",
    "name_jp": "ガラツィ",
    "lat": 45.4353,
    "lon": 28.0079
  },
  {
    "region": "Europe",
    "country": "Romania",
    "country_jp": "ルーマニア",
    "countryCode": "RO",
    "name": "Iași",
    "name_jp": "ヤシ",
    "lat": 47.1585,
    "lon": 27.6014
  },
  {
    "region": "Europe",
    "country": "Romania",
    "country_jp": "ルーマニア",
    "countryCode": "RO",
    "name": "Pitești",
    "name_jp": "ピテシュティ",
    "lat": 44.8565,
    "lon": 24.8692
  },
  {
    "region": "Europe",
    "country": "Romania",
    "country_jp": "ルーマニア",
    "countryCode": "RO",
    "name": "Timișoara",
    "name_jp": "ティミショアラ",
    "lat": 45.7489,
    "lon": 21.2087
  },
  {
    "region": "Europe",
    "country": "Serbia",
    "country_jp": "セルビア",
    "countryCode": "RS",
    "name": "Belgrade",
    "name_jp": "ベオグラード",
    "lat": 44.7866,
    "lon": 20.4489
  },
  {
    "region": "Europe",
    "country": "Serbia",
    "country_jp": "セルビア",
    "countryCode": "RS",
    "name": "Kragujevac",
    "name_jp": "クラグイェヴァツ",
    "lat": 44.0128,
    "lon": 20.9114
  },
  {
    "region": "Europe",
    "country": "Serbia",
    "country_jp": "セルビア",
    "countryCode": "RS",
    "name": "Niš",
    "name_jp": "ニシュ",
    "lat": 43.3209,
    "lon": 21.8958
  },
  {
    "region": "Europe",
    "country": "Serbia",
    "country_jp": "セルビア",
    "countryCode": "RS",
    "name": "Novi Sad",
    "name_jp": "ノヴィ・サド",
    "lat": 45.2671,
    "lon": 19.8335
  },
  {
    "region": "Europe",
    "country": "Russia",
    "country_jp": "ロシア",
    "countryCode": "RU",
    "name": "Kaliningrad",
    "name_jp": "カリーニングラード",
    "lat": 54.7104,
    "lon": 20.4522
  },
  {
    "region": "Europe",
    "country": "Russia",
    "country_jp": "ロシア",
    "countryCode": "RU",
    "name": "Luga",
    "name_jp": "ルガ",
    "lat": 58.7372,
    "lon": 29.8467
  },
  {
    "region": "Europe",
    "country": "Russia",
    "country_jp": "ロシア",
    "countryCode": "RU",
    "name": "Pskov",
    "name_jp": "プスコフ",
    "lat": 57.8136,
    "lon": 28.3496
  },
  {
    "region": "Europe",
    "country": "Russia",
    "country_jp": "ロシア",
    "countryCode": "RU",
    "name": "Saint Petersburg",
    "name_jp": "サンクトペテルブルク",
    "lat": 59.9311,
    "lon": 30.3609
  },
  {
    "region": "Europe",
    "country": "Russia",
    "country_jp": "ロシア",
    "countryCode": "RU",
    "name": "Sosnovy Bor",
    "name_jp": "ソスノヴィ・ボル",
    "lat": 59.9,
    "lon": 29.0833
  },
  {
    "region": "Europe",
    "country": "Russia",
    "country_jp": "ロシア",
    "countryCode": "RU",
    "name": "Vyborg",
    "name_jp": "ヴィボルグ",
    "lat": 60.7131,
    "lon": 28.7326
  },
  {
    "region": "Europe",
    "country": "Sweden",
    "country_jp": "スウェーデン",
    "countryCode": "SE",
    "name": "Göteborg",
    "name_jp": "ヨーテボリ",
    "lat": 57.7089,
    "lon": 11.9746
  },
  {
    "region": "Europe",
    "country": "Sweden",
    "country_jp": "スウェーデン",
    "countryCode": "SE",
    "name": "Kiruna",
    "name_jp": "キルナ",
    "lat": 67.8558,
    "lon": 20.2253
  },
  {
    "region": "Europe",
    "country": "Sweden",
    "country_jp": "スウェーデン",
    "countryCode": "SE",
    "name": "Luleå",
    "name_jp": "ルレオ",
    "lat": 65.5848,
    "lon": 22.1547
  },
  {
    "region": "Europe",
    "country": "Sweden",
    "country_jp": "スウェーデン",
    "countryCode": "SE",
    "name": "Malmö",
    "name_jp": "マルメ",
    "lat": 55.605,
    "lon": 13.0038
  },
  {
    "region": "Europe",
    "country": "Sweden",
    "country_jp": "スウェーデン",
    "countryCode": "SE",
    "name": "Stockholm",
    "name_jp": "ストックホルム",
    "lat": 59.3293,
    "lon": 18.0686
  },
  {
    "region": "Europe",
    "country": "Sweden",
    "country_jp": "スウェーデン",
    "countryCode": "SE",
    "name": "Sundsvall",
    "name_jp": "スンツヴァル",
    "lat": 62.3908,
    "lon": 17.3069
  },
  {
    "region": "Europe",
    "country": "Sweden",
    "country_jp": "スウェーデン",
    "countryCode": "SE",
    "name": "Uppsala",
    "name_jp": "ウプサラ",
    "lat": 59.8586,
    "lon": 17.6389
  },
  {
    "region": "Europe",
    "country": "Sweden",
    "country_jp": "スウェーデン",
    "countryCode": "SE",
    "name": "Örebro",
    "name_jp": "エレブルー",
    "lat": 59.2753,
    "lon": 15.2134
  },
  {
    "region": "Europe",
    "country": "Slovenia",
    "country_jp": "スロベニア",
    "countryCode": "SI",
    "name": "Koper",
    "name_jp": "コペル",
    "lat": 45.5481,
    "lon": 13.7302
  },
  {
    "region": "Europe",
    "country": "Slovenia",
    "country_jp": "スロベニア",
    "countryCode": "SI",
    "name": "Ljubljana",
    "name_jp": "リュブリャナ",
    "lat": 46.0569,
    "lon": 14.5058
  },
  {
    "region": "Europe",
    "country": "Slovenia",
    "country_jp": "スロベニア",
    "countryCode": "SI",
    "name": "Maribor",
    "name_jp": "マリボル",
    "lat": 46.5547,
    "lon": 15.6459
  },
  {
    "region": "Europe",
    "country": "Slovenia",
    "country_jp": "スロベニア",
    "countryCode": "SI",
    "name": "Novo Mesto",
    "name_jp": "ノヴォ・メスト",
    "lat": 45.8011,
    "lon": 15.171
  },
  {
    "region": "Europe",
    "country": "Slovakia",
    "country_jp": "スロバキア",
    "countryCode": "SK",
    "name": "Banská Bystrica",
    "name_jp": "バンスカー・ビストリツァ",
    "lat": 48.7363,
    "lon": 19.1462
  },
  {
    "region": "Europe",
    "country": "Slovakia",
    "country_jp": "スロバキア",
    "countryCode": "SK",
    "name": "Bratislava",
    "name_jp": "ブラチスラヴァ",
    "lat": 48.1486,
    "lon": 17.1077
  },
  {
    "region": "Europe",
    "country": "Slovakia",
    "country_jp": "スロバキア",
    "countryCode": "SK",
    "name": "Košice",
    "name_jp": "コシツェ",
    "lat": 48.7164,
    "lon": 21.2611
  },
  {
    "region": "Europe",
    "country": "Turkey",
    "country_jp": "トルコ",
    "countryCode": "TR",
    "name": "Edirne",
    "name_jp": "エディルネ",
    "lat": 41.6771,
    "lon": 26.555
  },
  {
    "region": "Europe",
    "country": "Turkey",
    "country_jp": "トルコ",
    "countryCode": "TR",
    "name": "Istanbul",
    "name_jp": "イスタンブール",
    "lat": 41.0082,
    "lon": 28.9784
  },
  {
    "region": "Europe",
    "country": "Turkey",
    "country_jp": "トルコ",
    "countryCode": "TR",
    "name": "Tekirdağ",
    "name_jp": "テキルダー",
    "lat": 40.978,
    "lon": 27.511
  },
  {
    "region": "Europe",
    "country": "Kosovo",
    "country_jp": "コソボ",
    "countryCode": "XK",
    "name": "Prishtina",
    "name_jp": "プリシュティナ",
    "lat": 42.6629,
    "lon": 21.1655
  },
  {
    "region": "Asia",
    "country": "Japan",
    "country_jp": "日本",
    "countryCode": "JP",
    "name": "Tokyo",
    "name_jp": "東京",
    "lat": 35.6762,
    "lon": 139.6503
  },
  {
    "region": "Asia",
    "country": "Japan",
    "country_jp": "日本",
    "countryCode": "JP",
    "name": "Yokohama",
    "name_jp": "横浜",
    "lat": 35.4437,
    "lon": 139.638
  },
  {
    "region": "Asia",
    "country": "Japan",
    "country_jp": "日本",
    "countryCode": "JP",
    "name": "Nagoya",
    "name_jp": "名古屋",
    "lat": 35.1815,
    "lon": 136.9066
  },
  {
    "region": "Asia",
    "country": "Japan",
    "country_jp": "日本",
    "countryCode": "JP",
    "name": "Osaka",
    "name_jp": "大阪",
    "lat": 34.6937,
    "lon": 135.5023
  },
  {
    "region": "Asia",
    "country": "Japan",
    "country_jp": "日本",
    "countryCode": "JP",
    "name": "Kobe",
    "name_jp": "神戸",
    "lat": 34.6901,
    "lon": 135.1955
  },
  {
    "region": "Asia",
    "country": "Japan",
    "country_jp": "日本",
    "countryCode": "JP",
    "name": "Kyoto",
    "name_jp": "京都",
    "lat": 35.0116,
    "lon": 135.7681
  },
  {
    "region": "Asia",
    "country": "Japan",
    "country_jp": "日本",
    "countryCode": "JP",
    "name": "Hiroshima",
    "name_jp": "広島",
    "lat": 34.3853,
    "lon": 132.4553
  },
  {
    "region": "Asia",
    "country": "Japan",
    "country_jp": "日本",
    "countryCode": "JP",
    "name": "Fukuoka",
    "name_jp": "福岡",
    "lat": 33.5904,
    "lon": 130.4017
  },
  {
    "region": "Asia",
    "country": "Japan",
    "country_jp": "日本",
    "countryCode": "JP",
    "name": "Kitakyushu",
    "name_jp": "北九州",
    "lat": 33.8833,
    "lon": 130.8753
  },
  {
    "region": "Asia",
    "country": "Japan",
    "country_jp": "日本",
    "countryCode": "JP",
    "name": "Sendai",
    "name_jp": "仙台",
    "lat": 38.2682,
    "lon": 140.8694
  },
  {
    "region": "Asia",
    "country": "Japan",
    "country_jp": "日本",
    "countryCode": "JP",
    "name": "Niigata",
    "name_jp": "新潟",
    "lat": 37.9162,
    "lon": 139.0364
  },
  {
    "region": "Asia",
    "country": "Japan",
    "country_jp": "日本",
    "countryCode": "JP",
    "name": "Kanazawa",
    "name_jp": "金沢",
    "lat": 36.5613,
    "lon": 136.6562
  },
  {
    "region": "Asia",
    "country": "Japan",
    "country_jp": "日本",
    "countryCode": "JP",
    "name": "Toyama",
    "name_jp": "富山",
    "lat": 36.6953,
    "lon": 137.2113
  },
  {
    "region": "Asia",
    "country": "Japan",
    "country_jp": "日本",
    "countryCode": "JP",
    "name": "Nagano",
    "name_jp": "長野",
    "lat": 36.6486,
    "lon": 138.1948
  },
  {
    "region": "Asia",
    "country": "Japan",
    "country_jp": "日本",
    "countryCode": "JP",
    "name": "Shizuoka",
    "name_jp": "静岡",
    "lat": 34.9756,
    "lon": 138.3828
  },
  {
    "region": "Asia",
    "country": "Japan",
    "country_jp": "日本",
    "countryCode": "JP",
    "name": "Hamamatsu",
    "name_jp": "浜松",
    "lat": 34.7108,
    "lon": 137.7261
  },
  {
    "region": "Asia",
    "country": "Japan",
    "country_jp": "日本",
    "countryCode": "JP",
    "name": "Okayama",
    "name_jp": "岡山",
    "lat": 34.6551,
    "lon": 133.9195
  },
  {
    "region": "Asia",
    "country": "Japan",
    "country_jp": "日本",
    "countryCode": "JP",
    "name": "Takamatsu",
    "name_jp": "高松",
    "lat": 34.3428,
    "lon": 134.0466
  },
  {
    "region": "Asia",
    "country": "Japan",
    "country_jp": "日本",
    "countryCode": "JP",
    "name": "Matsuyama",
    "name_jp": "松山",
    "lat": 33.8392,
    "lon": 132.7657
  },
  {
    "region": "Asia",
    "country": "Japan",
    "country_jp": "日本",
    "countryCode": "JP",
    "name": "Kochi",
    "name_jp": "高知",
    "lat": 33.5597,
    "lon": 133.5311
  },
  {
    "region": "Asia",
    "country": "Japan",
    "country_jp": "日本",
    "countryCode": "JP",
    "name": "Kagoshima",
    "name_jp": "鹿児島",
    "lat": 31.5966,
    "lon": 130.5571
  },
  {
    "region": "Asia",
    "country": "Japan",
    "country_jp": "日本",
    "countryCode": "JP",
    "name": "Kumamoto",
    "name_jp": "熊本",
    "lat": 32.8031,
    "lon": 130.7079
  },
  {
    "region": "Asia",
    "country": "Japan",
    "country_jp": "日本",
    "countryCode": "JP",
    "name": "Naha",
    "name_jp": "那覇",
    "lat": 26.2124,
    "lon": 127.6809
  },
  {
    "region": "Asia",
    "country": "Japan",
    "country_jp": "日本",
    "countryCode": "JP",
    "name": "Sapporo",
    "name_jp": "札幌",
    "lat": 43.0618,
    "lon": 141.3545
  },
  {
    "region": "Asia",
    "country": "Japan",
    "country_jp": "日本",
    "countryCode": "JP",
    "name": "Asahikawa",
    "name_jp": "旭川",
    "lat": 43.7706,
    "lon": 142.3649
  },
  {
    "region": "Asia",
    "country": "Japan",
    "country_jp": "日本",
    "countryCode": "JP",
    "name": "Hakodate",
    "name_jp": "函館",
    "lat": 41.7688,
    "lon": 140.7288
  },
  {
    "region": "Asia",
    "country": "Japan",
    "country_jp": "日本",
    "countryCode": "JP",
    "name": "Aomori",
    "name_jp": "青森",
    "lat": 40.8222,
    "lon": 140.7475
  },
  {
    "region": "Asia",
    "country": "Japan",
    "country_jp": "日本",
    "countryCode": "JP",
    "name": "Akita",
    "name_jp": "秋田",
    "lat": 39.72,
    "lon": 140.1024
  },
  {
    "region": "Asia",
    "country": "Japan",
    "country_jp": "日本",
    "countryCode": "JP",
    "name": "Yamagata",
    "name_jp": "山形",
    "lat": 38.2404,
    "lon": 140.3633
  },
  {
    "region": "Asia",
    "country": "Japan",
    "country_jp": "日本",
    "countryCode": "JP",
    "name": "Fukushima",
    "name_jp": "福島",
    "lat": 37.7608,
    "lon": 140.4747
  },
  {
    "region": "Asia",
    "country": "Japan",
    "country_jp": "日本",
    "countryCode": "JP",
    "name": "Mito",
    "name_jp": "水戸",
    "lat": 36.3659,
    "lon": 140.471
  },
  {
    "region": "Asia",
    "country": "Japan",
    "country_jp": "日本",
    "countryCode": "JP",
    "name": "Utsunomiya",
    "name_jp": "宇都宮",
    "lat": 36.5551,
    "lon": 139.8828
  },
  {
    "region": "Asia",
    "country": "Japan",
    "country_jp": "日本",
    "countryCode": "JP",
    "name": "Maebashi",
    "name_jp": "前橋",
    "lat": 36.3895,
    "lon": 139.0604
  },
  {
    "region": "Asia",
    "country": "Japan",
    "country_jp": "日本",
    "countryCode": "JP",
    "name": "Kofu",
    "name_jp": "甲府",
    "lat": 35.6639,
    "lon": 138.5683
  },
  {
    "region": "Asia",
    "country": "Japan",
    "country_jp": "日本",
    "countryCode": "JP",
    "name": "Otsu",
    "name_jp": "大津",
    "lat": 35.017,
    "lon": 135.8546
  },
  {
    "region": "Asia",
    "country": "Japan",
    "country_jp": "日本",
    "countryCode": "JP",
    "name": "Nara",
    "name_jp": "奈良",
    "lat": 34.6851,
    "lon": 135.8049
  },
  {
    "region": "Asia",
    "country": "Japan",
    "country_jp": "日本",
    "countryCode": "JP",
    "name": "Wakayama",
    "name_jp": "和歌山",
    "lat": 34.226,
    "lon": 135.1675
  },
  {
    "region": "Asia",
    "country": "Japan",
    "country_jp": "日本",
    "countryCode": "JP",
    "name": "Tottori",
    "name_jp": "鳥取",
    "lat": 35.5011,
    "lon": 134.2351
  },
  {
    "region": "Asia",
    "country": "Japan",
    "country_jp": "日本",
    "countryCode": "JP",
    "name": "Matsue",
    "name_jp": "松江",
    "lat": 35.4681,
    "lon": 133.0484
  },
  {
    "region": "Asia",
    "country": "Japan",
    "country_jp": "日本",
    "countryCode": "JP",
    "name": "Yamaguchi",
    "name_jp": "山口",
    "lat": 34.1785,
    "lon": 131.4737
  },
  {
    "region": "Asia",
    "country": "Japan",
    "country_jp": "日本",
    "countryCode": "JP",
    "name": "Oita",
    "name_jp": "大分",
    "lat": 33.2396,
    "lon": 131.6093
  },
  {
    "region": "Asia",
    "country": "Japan",
    "country_jp": "日本",
    "countryCode": "JP",
    "name": "Miyazaki",
    "name_jp": "宮崎",
    "lat": 31.9077,
    "lon": 131.4202
  },
  {
    "region": "Europe",
    "country": "Iceland",
    "country_jp": "アイスランド",
    "countryCode": "IS",
    "name": "Reykjavik",
    "name_jp": "レイキャビク",
    "lat": 64.1466,
    "lon": -21.9426
  },
  {
    "region": "Europe",
    "country": "Iceland",
    "country_jp": "アイスランド",
    "countryCode": "IS",
    "name": "Akureyri",
    "name_jp": "アークレイリ",
    "lat": 65.6885,
    "lon": -18.1262
  },
  {
    "region": "Europe",
    "country": "Iceland",
    "country_jp": "アイスランド",
    "countryCode": "IS",
    "name": "Egilsstadir",
    "name_jp": "エイイルススタジル",
    "lat": 65.2669,
    "lon": -14.3948
  },
  {
    "region": "Europe",
    "country": "Norway",
    "country_jp": "ノルウェー",
    "countryCode": "NO",
    "name": "Tromso",
    "name_jp": "トロムソ",
    "lat": 69.6492,
    "lon": 18.9553
  },
  {
    "region": "Europe",
    "country": "Norway",
    "country_jp": "ノルウェー",
    "countryCode": "NO",
    "name": "Alta",
    "name_jp": "アルタ",
    "lat": 69.9689,
    "lon": 23.2716
  },
  {
    "region": "Europe",
    "country": "Norway",
    "country_jp": "ノルウェー",
    "countryCode": "NO",
    "name": "Bodo",
    "name_jp": "ボードー",
    "lat": 67.2804,
    "lon": 14.4049
  },
  {
    "region": "Europe",
    "country": "Finland",
    "country_jp": "フィンランド",
    "countryCode": "FI",
    "name": "Rovaniemi",
    "name_jp": "ロヴァニエミ",
    "lat": 66.5039,
    "lon": 25.7294
  },
  {
    "region": "Europe",
    "country": "Finland",
    "country_jp": "フィンランド",
    "countryCode": "FI",
    "name": "Oulu",
    "name_jp": "オウル",
    "lat": 65.0121,
    "lon": 25.4651
  },
  {
    "region": "Europe",
    "country": "Ukraine",
    "country_jp": "ウクライナ",
    "countryCode": "UA",
    "name": "Lviv",
    "name_jp": "リヴィウ",
    "lat": 49.8397,
    "lon": 24.0297
  },
  {
    "region": "Europe",
    "country": "Ukraine",
    "country_jp": "ウクライナ",
    "countryCode": "UA",
    "name": "Kyiv",
    "name_jp": "キーウ",
    "lat": 50.4501,
    "lon": 30.5234
  },
  {
    "region": "Asia",
    "country": "Japan",
    "country_jp": "日本",
    "countryCode": "JP",
    "name": "Morioka",
    "name_jp": "盛岡",
    "lat": 39.7036,
    "lon": 141.1527
  },
  {
    "region": "Asia",
    "country": "Japan",
    "country_jp": "日本",
    "countryCode": "JP",
    "name": "Koriyama",
    "name_jp": "郡山",
    "lat": 37.4004,
    "lon": 140.3597
  },
  {
    "region": "Asia",
    "country": "Japan",
    "country_jp": "日本",
    "countryCode": "JP",
    "name": "Takasaki",
    "name_jp": "高崎",
    "lat": 36.3219,
    "lon": 139.0033
  },
  {
    "region": "Asia",
    "country": "Japan",
    "country_jp": "日本",
    "countryCode": "JP",
    "name": "Kawagoe",
    "name_jp": "川越",
    "lat": 35.9251,
    "lon": 139.4858
  },
  {
    "region": "Asia",
    "country": "Japan",
    "country_jp": "日本",
    "countryCode": "JP",
    "name": "Hachioji",
    "name_jp": "八王子",
    "lat": 35.6663,
    "lon": 139.316
  },
  {
    "region": "Asia",
    "country": "Japan",
    "country_jp": "日本",
    "countryCode": "JP",
    "name": "Numazu",
    "name_jp": "沼津",
    "lat": 35.0956,
    "lon": 138.8634
  },
  {
    "region": "Asia",
    "country": "Japan",
    "country_jp": "日本",
    "countryCode": "JP",
    "name": "Ise",
    "name_jp": "伊勢",
    "lat": 34.4875,
    "lon": 136.7096
  },
  {
    "region": "Asia",
    "country": "Japan",
    "country_jp": "日本",
    "countryCode": "JP",
    "name": "Maizuru",
    "name_jp": "舞鶴",
    "lat": 35.4748,
    "lon": 135.3867
  },
  {
    "region": "Asia",
    "country": "Japan",
    "country_jp": "日本",
    "countryCode": "JP",
    "name": "Yonago",
    "name_jp": "米子",
    "lat": 35.4281,
    "lon": 133.3309
  },
  {
    "region": "Asia",
    "country": "Japan",
    "country_jp": "日本",
    "countryCode": "JP",
    "name": "Kurashiki",
    "name_jp": "倉敷",
    "lat": 34.585,
    "lon": 133.7719
  },
  {
    "region": "Asia",
    "country": "Japan",
    "country_jp": "日本",
    "countryCode": "JP",
    "name": "Imabari",
    "name_jp": "今治",
    "lat": 34.0661,
    "lon": 132.9973
  },
  {
    "region": "Asia",
    "country": "Japan",
    "country_jp": "日本",
    "countryCode": "JP",
    "name": "Uwajima",
    "name_jp": "宇和島",
    "lat": 33.2234,
    "lon": 132.5608
  },
  {
    "region": "Asia",
    "country": "Japan",
    "country_jp": "日本",
    "countryCode": "JP",
    "name": "Sasebo",
    "name_jp": "佐世保",
    "lat": 33.1799,
    "lon": 129.7154
  },
  {
    "region": "Asia",
    "country": "Japan",
    "country_jp": "日本",
    "countryCode": "JP",
    "name": "Beppu",
    "name_jp": "別府",
    "lat": 33.2796,
    "lon": 131.497
  },
  {
    "region": "Asia",
    "country": "Japan",
    "country_jp": "日本",
    "countryCode": "JP",
    "name": "Nobeoka",
    "name_jp": "延岡",
    "lat": 32.5826,
    "lon": 131.665
  },
  {
    "region": "Asia",
    "country": "Japan",
    "country_jp": "日本",
    "countryCode": "JP",
    "name": "Amami",
    "name_jp": "奄美",
    "lat": 28.3772,
    "lon": 129.4938
  },
  {
    "region": "Europe",
    "country": "Russia",
    "country_jp": "ロシア",
    "countryCode": "RU",
    "name": "Moscow",
    "name_jp": "モスクワ",
    "lat": 55.7558,
    "lon": 37.6173
  },
  {
    "region": "Europe",
    "country": "Russia",
    "country_jp": "ロシア",
    "countryCode": "RU",
    "name": "Kazan",
    "name_jp": "カザン",
    "lat": 55.7961,
    "lon": 49.1064
  },
  {
    "region": "Europe",
    "country": "Russia",
    "country_jp": "ロシア",
    "countryCode": "RU",
    "name": "Yekaterinburg",
    "name_jp": "エカテリンブルク",
    "lat": 56.8389,
    "lon": 60.6057
  },
  {
    "region": "Europe",
    "country": "Russia",
    "country_jp": "ロシア",
    "countryCode": "RU",
    "name": "Novosibirsk",
    "name_jp": "ノヴォシビルスク",
    "lat": 55.0084,
    "lon": 82.9357
  },
  {
    "region": "Europe",
    "country": "Russia",
    "country_jp": "ロシア",
    "countryCode": "RU",
    "name": "Irkutsk",
    "name_jp": "イルクーツク",
    "lat": 52.2871,
    "lon": 104.305
  },
  {
    "region": "Europe",
    "country": "Russia",
    "country_jp": "ロシア",
    "countryCode": "RU",
    "name": "Vladivostok",
    "name_jp": "ウラジオストク",
    "lat": 43.1155,
    "lon": 131.8855
  },
  {
    "region": "Europe",
    "country": "Russia",
    "country_jp": "ロシア",
    "countryCode": "RU",
    "name": "Khabarovsk",
    "name_jp": "ハバロフスク",
    "lat": 48.4808,
    "lon": 135.092
  },
  {
    "region": "Africa",
    "country": "Egypt",
    "country_jp": "エジプト",
    "countryCode": "EG",
    "name": "Cairo",
    "name_jp": "カイロ",
    "lat": 30.0444,
    "lon": 31.2357
  },
  {
    "region": "Africa",
    "country": "Egypt",
    "country_jp": "エジプト",
    "countryCode": "EG",
    "name": "Alexandria",
    "name_jp": "アレクサンドリア",
    "lat": 31.2001,
    "lon": 29.9187
  },
  {
    "region": "Africa",
    "country": "South Africa",
    "country_jp": "南アフリカ",
    "countryCode": "ZA",
    "name": "Johannesburg",
    "name_jp": "ヨハネスブルグ",
    "lat": -26.2041,
    "lon": 28.0473
  },
  {
    "region": "Africa",
    "country": "South Africa",
    "country_jp": "南アフリカ",
    "countryCode": "ZA",
    "name": "Cape Town",
    "name_jp": "ケープタウン",
    "lat": -33.9249,
    "lon": 18.4241
  },
  {
    "region": "Africa",
    "country": "Kenya",
    "country_jp": "ケニア",
    "countryCode": "KE",
    "name": "Nairobi",
    "name_jp": "ナイロビ",
    "lat": -1.2921,
    "lon": 36.8219
  },
  {
    "region": "Africa",
    "country": "Ethiopia",
    "country_jp": "エチオピア",
    "countryCode": "ET",
    "name": "Addis Ababa",
    "name_jp": "アディスアベバ",
    "lat": 8.9806,
    "lon": 38.7578
  },
  {
    "region": "Africa",
    "country": "Morocco",
    "country_jp": "モロッコ",
    "countryCode": "MA",
    "name": "Casablanca",
    "name_jp": "カサブランカ",
    "lat": 33.5731,
    "lon": -7.5898
  },
  {
    "region": "Africa",
    "country": "Nigeria",
    "country_jp": "ナイジェリア",
    "countryCode": "NG",
    "name": "Lagos",
    "name_jp": "ラゴス",
    "lat": 6.5244,
    "lon": 3.3792
  },
  {
    "region": "Asia",
    "country": "China",
    "country_jp": "中国",
    "countryCode": "CN",
    "name": "Beijing",
    "name_jp": "北京",
    "lat": 39.9042,
    "lon": 116.4074
  },
  {
    "region": "Asia",
    "country": "China",
    "country_jp": "中国",
    "countryCode": "CN",
    "name": "Shanghai",
    "name_jp": "上海",
    "lat": 31.2304,
    "lon": 121.4737
  },
  {
    "region": "Asia",
    "country": "China",
    "country_jp": "中国",
    "countryCode": "CN",
    "name": "Guangzhou",
    "name_jp": "広州",
    "lat": 23.1291,
    "lon": 113.2644
  },
  {
    "region": "Asia",
    "country": "China",
    "country_jp": "中国",
    "countryCode": "CN",
    "name": "Shenzhen",
    "name_jp": "深圳",
    "lat": 22.5431,
    "lon": 114.0579
  },
  {
    "region": "Asia",
    "country": "South Korea",
    "country_jp": "韓国",
    "countryCode": "KR",
    "name": "Seoul",
    "name_jp": "ソウル",
    "lat": 37.5665,
    "lon": 126.978
  },
  {
    "region": "Asia",
    "country": "South Korea",
    "country_jp": "韓国",
    "countryCode": "KR",
    "name": "Busan",
    "name_jp": "釜山",
    "lat": 35.1796,
    "lon": 129.0756
  },
  {
    "region": "Asia",
    "country": "Thailand",
    "country_jp": "タイ",
    "countryCode": "TH",
    "name": "Bangkok",
    "name_jp": "バンコク",
    "lat": 13.7563,
    "lon": 100.5018
  },
  {
    "region": "Asia",
    "country": "Vietnam",
    "country_jp": "ベトナム",
    "countryCode": "VN",
    "name": "Hanoi",
    "name_jp": "ハノイ",
    "lat": 21.0278,
    "lon": 105.8342
  },
  {
    "region": "Asia",
    "country": "Vietnam",
    "country_jp": "ベトナム",
    "countryCode": "VN",
    "name": "Ho Chi Minh City",
    "name_jp": "ホーチミン",
    "lat": 10.8231,
    "lon": 106.6297
  },
  {
    "region": "Asia",
    "country": "Indonesia",
    "country_jp": "インドネシア",
    "countryCode": "ID",
    "name": "Jakarta",
    "name_jp": "ジャカルタ",
    "lat": -6.2088,
    "lon": 106.8456
  },
  {
    "region": "Asia",
    "country": "Malaysia",
    "country_jp": "マレーシア",
    "countryCode": "MY",
    "name": "Kuala Lumpur",
    "name_jp": "クアラルンプール",
    "lat": 3.139,
    "lon": 101.6869
  },
  {
    "region": "Asia",
    "country": "Philippines",
    "country_jp": "フィリピン",
    "countryCode": "PH",
    "name": "Manila",
    "name_jp": "マニラ",
    "lat": 14.5995,
    "lon": 120.9842
  },
  {
    "region": "Asia",
    "country": "India",
    "country_jp": "インド",
    "countryCode": "IN",
    "name": "Delhi",
    "name_jp": "デリー",
    "lat": 28.6139,
    "lon": 77.209
  },
  {
    "region": "Asia",
    "country": "India",
    "country_jp": "インド",
    "countryCode": "IN",
    "name": "Mumbai",
    "name_jp": "ムンバイ",
    "lat": 19.076,
    "lon": 72.8777
  },
  {
    "region": "Asia",
    "country": "Taiwan",
    "country_jp": "台湾",
    "countryCode": "TW",
    "name": "Taipei",
    "name_jp": "台北",
    "lat": 25.033,
    "lon": 121.5654
  },
  {
    "region": "Asia",
    "country": "Taiwan",
    "country_jp": "台湾",
    "countryCode": "TW",
    "name": "Kaohsiung",
    "name_jp": "高雄",
    "lat": 22.6273,
    "lon": 120.3014
  },
  {
    "region": "Asia",
    "country": "Singapore",
    "country_jp": "シンガポール",
    "countryCode": "SG",
    "name": "Singapore",
    "name_jp": "シンガポール",
    "lat": 1.3521,
    "lon": 103.8198
  },
  {
    "region": "Asia",
    "country": "Mongolia",
    "country_jp": "モンゴル",
    "countryCode": "MN",
    "name": "Ulaanbaatar",
    "name_jp": "ウランバートル",
    "lat": 47.8864,
    "lon": 106.9057
  },
  {
    "region": "Asia",
    "country": "Pakistan",
    "country_jp": "パキスタン",
    "countryCode": "PK",
    "name": "Karachi",
    "name_jp": "カラチ",
    "lat": 24.8607,
    "lon": 67.0011
  },
  {
    "region": "Asia",
    "country": "Bangladesh",
    "country_jp": "バングラデシュ",
    "countryCode": "BD",
    "name": "Dhaka",
    "name_jp": "ダッカ",
    "lat": 23.8103,
    "lon": 90.4125
  },
  {
    "region": "Asia",
    "country": "Sri Lanka",
    "country_jp": "スリランカ",
    "countryCode": "LK",
    "name": "Colombo",
    "name_jp": "コロンボ",
    "lat": 6.9271,
    "lon": 79.8612
  },
  {
    "region": "Asia",
    "country": "Nepal",
    "country_jp": "ネパール",
    "countryCode": "NP",
    "name": "Kathmandu",
    "name_jp": "カトマンズ",
    "lat": 27.7172,
    "lon": 85.324
  },
  {
    "region": "Asia",
    "country": "Cambodia",
    "country_jp": "カンボジア",
    "countryCode": "KH",
    "name": "Phnom Penh",
    "name_jp": "プノンペン",
    "lat": 11.5564,
    "lon": 104.9282
  },
  {
    "region": "Asia",
    "country": "Laos",
    "country_jp": "ラオス",
    "countryCode": "LA",
    "name": "Vientiane",
    "name_jp": "ビエンチャン",
    "lat": 17.9757,
    "lon": 102.6331
  },
  {
    "region": "Asia",
    "country": "Myanmar",
    "country_jp": "ミャンマー",
    "countryCode": "MM",
    "name": "Yangon",
    "name_jp": "ヤンゴン",
    "lat": 16.8409,
    "lon": 96.1735
  },
  {
    "region": "Asia",
    "country": "Kazakhstan",
    "country_jp": "カザフスタン",
    "countryCode": "KZ",
    "name": "Almaty",
    "name_jp": "アルマトイ",
    "lat": 43.222,
    "lon": 76.8512
  },
  {
    "region": "Asia",
    "country": "Uzbekistan",
    "country_jp": "ウズベキスタン",
    "countryCode": "UZ",
    "name": "Tashkent",
    "name_jp": "タシュケント",
    "lat": 41.2995,
    "lon": 69.2401
  },
  {
    "region": "Africa",
    "country": "Tunisia",
    "country_jp": "チュニジア",
    "countryCode": "TN",
    "name": "Tunis",
    "name_jp": "チュニス",
    "lat": 36.8065,
    "lon": 10.1815
  },
  {
    "region": "Africa",
    "country": "Algeria",
    "country_jp": "アルジェリア",
    "countryCode": "DZ",
    "name": "Algiers",
    "name_jp": "アルジェ",
    "lat": 36.7538,
    "lon": 3.0588
  },
  {
    "region": "Africa",
    "country": "Ghana",
    "country_jp": "ガーナ",
    "countryCode": "GH",
    "name": "Accra",
    "name_jp": "アクラ",
    "lat": 5.6037,
    "lon": -0.187
  },
  {
    "region": "Africa",
    "country": "Tanzania",
    "country_jp": "タンザニア",
    "countryCode": "TZ",
    "name": "Dar es Salaam",
    "name_jp": "ダルエスサラーム",
    "lat": -6.7924,
    "lon": 39.2083
  },
  {
    "region": "Africa",
    "country": "Uganda",
    "country_jp": "ウガンダ",
    "countryCode": "UG",
    "name": "Kampala",
    "name_jp": "カンパラ",
    "lat": 0.3476,
    "lon": 32.5825
  },
  {
    "region": "Africa",
    "country": "Senegal",
    "country_jp": "セネガル",
    "countryCode": "SN",
    "name": "Dakar",
    "name_jp": "ダカール",
    "lat": 14.7167,
    "lon": -17.4677
  },
  {
    "region": "Europe",
    "country": "Russia",
    "country_jp": "ロシア",
    "countryCode": "RU",
    "name": "Sochi",
    "name_jp": "ソチ",
    "lat": 43.6028,
    "lon": 39.7342
  },
  {
    "region": "Europe",
    "country": "Russia",
    "country_jp": "ロシア",
    "countryCode": "RU",
    "name": "Volgograd",
    "name_jp": "ヴォルゴグラード",
    "lat": 48.708,
    "lon": 44.5133
  },
  {
    "region": "Europe",
    "country": "Russia",
    "country_jp": "ロシア",
    "countryCode": "RU",
    "name": "Samara",
    "name_jp": "サマーラ",
    "lat": 53.2415,
    "lon": 50.2212
  },
  {
    "region": "Europe",
    "country": "Russia",
    "country_jp": "ロシア",
    "countryCode": "RU",
    "name": "Omsk",
    "name_jp": "オムスク",
    "lat": 54.9885,
    "lon": 73.3242
  },
  {
    "region": "Europe",
    "country": "Russia",
    "country_jp": "ロシア",
    "countryCode": "RU",
    "name": "Yakutsk",
    "name_jp": "ヤクーツク",
    "lat": 62.0355,
    "lon": 129.6755
  }
]
